player_type,model_type,label,MAE,RMSE,Spearman,p_value
batter,ensemble,ensemble_test,69.37936031770745,87.11022377723187,0.6240749673810069,5.179556158928673e-30
pitcher,ensemble,ensemble_test,83.78954801010742,106.02491753600853,0.4930825276295458,6.872669075255829e-09
